location.lat,location.lon,msisdn,timestamp
-6.316,107.333,ffffce3f1f5a275eb59c8031122bf2a9,"Mar 10, 2020 @ 10:01:00.000"
-7.551,108.908,fff4dc612711430e26158663a130d911,"Mar 10, 2020 @ 10:01:00.000"
-7.892,110.287,ffd1ea9c946a5b47390eff32554585ff,"Mar 10, 2020 @ 10:01:00.000"
-6.323,106.843,ffff14d82e4a843934ed9fd39b042fbb,"Mar 10, 2020 @ 10:00:58.000"
-6.185,106.779,fffd3cb23f090cf6a6c40dbc3a511174,"Mar 10, 2020 @ 10:00:58.000"
-6.323,106.843,ffff14d82e4a843934ed9fd39b042fbb,"Mar 10, 2020 @ 10:00:58.000"
-6.322,107.337,ffffce3f1f5a275eb59c8031122bf2a9,"Mar 10, 2020 @ 10:00:58.000"
-6.185,106.779,fffd3cb23f090cf6a6c40dbc3a511174,"Mar 10, 2020 @ 10:00:58.000"
-7.424,108.87,fff7361063c87256f076b14852e86d8f,"Mar 10, 2020 @ 10:00:58.000"
-7.799,110.603,ffaf5a6a0f72f9a81233a8c28cd8203d,"Mar 10, 2020 @ 10:00:58.000"
-6.889,107.596,fffb1cea1da01d96b1f7d258c11c773d,"Mar 10, 2020 @ 10:00:57.000"
-6.365,106.856,ffedf902e1e5e135db6b81014dd6993f,"Mar 10, 2020 @ 10:00:56.000"
-6.365,106.856,ffedf902e1e5e135db6b81014dd6993f,"Mar 10, 2020 @ 10:00:56.000"
-6.22,106.56,fffbee94c4076804f61f8c7dbb7f1e48,"Mar 10, 2020 @ 10:00:55.000"
-6.334,106.833,ffff14d82e4a843934ed9fd39b042fbb,"Mar 10, 2020 @ 10:00:55.000"
-6.334,106.833,ffff14d82e4a843934ed9fd39b042fbb,"Mar 10, 2020 @ 10:00:55.000"
-6.128,106.717,fffcf501189ec31d620921a5790e47fd,"Mar 10, 2020 @ 10:00:55.000"
-6.114,107.333,fffc8fbce04bf288635c3efbd55834eb,"Mar 10, 2020 @ 10:00:55.000"
-6.22,106.56,fffbee94c4076804f61f8c7dbb7f1e48,"Mar 10, 2020 @ 10:00:55.000"
-7.95,110.24,ffccb86bf37e2604ea795f6a9ff259fb,"Mar 10, 2020 @ 10:00:55.000"
-6.236,106.999,fff1ef0e6f99e225c11980cc13957c8f,"Mar 10, 2020 @ 10:00:54.000"
-7.797,112.072,fffe66baf825d6fea785fb163546df42,"Mar 10, 2020 @ 10:00:54.000"
-6.204,106.844,ffffbd03f7e45d5ffece3cf8db3dfff3,"Mar 10, 2020 @ 10:00:52.000"
-6.262,107.021,fff567fd2d993b4ae51b81169e04ad4b,"Mar 10, 2020 @ 10:00:52.000"
-6.223,106.807,fff4935892ffe8c2a4a783de0138a55b,"Mar 10, 2020 @ 10:00:52.000"
-6.204,106.844,ffffbd03f7e45d5ffece3cf8db3dfff3,"Mar 10, 2020 @ 10:00:52.000"
-7.679,110.828,fffc41c58c0756fceb3cf83fc3bc9b01,"Mar 10, 2020 @ 10:00:52.000"
-6.192,106.973,fff22623091f78250eac73e4791e6d10,"Mar 10, 2020 @ 10:00:51.000"
-6.126,106.793,fff8b6a8591caedebc740774ad29fb57,"Mar 10, 2020 @ 10:00:51.000"
-6.213,106.819,fffce19e0062cc06e3bee0997ac8212c,"Mar 10, 2020 @ 10:00:51.000"
-6.821,107.173,fffe689b3ec855d592826cd199076f34,"Mar 10, 2020 @ 10:00:51.000"
-6.213,106.819,fffce19e0062cc06e3bee0997ac8212c,"Mar 10, 2020 @ 10:00:51.000"
-6.434,106.919,fffeb65258ce4b5b204f9b48001371fb,"Mar 10, 2020 @ 10:00:51.000"
-6.958,106.733,fffe48f7ac0a995c0fa99224066811cc,"Mar 10, 2020 @ 10:00:51.000"
-6.855,107.551,fffaa936e8b0f724abe1ce5b6093615b,"Mar 10, 2020 @ 10:00:51.000"
-6.532,107.191,fffa836219f1ca20c4507af4b5207526,"Mar 10, 2020 @ 10:00:51.000"
-6.146,106.778,fffdb8e4c190d1f3b3a086686c250af6,"Mar 10, 2020 @ 10:00:50.000"
-6.193,106.869,fff3d6905c877067219a7a4303b5b0da,"Mar 10, 2020 @ 10:00:50.000"
-6.146,106.778,fffdb8e4c190d1f3b3a086686c250af6,"Mar 10, 2020 @ 10:00:50.000"
-6.404,106.626,fffdf0de1cbdc786057083d6a0091865,"Mar 10, 2020 @ 10:00:50.000"
-6.404,106.626,fffdf0de1cbdc786057083d6a0091865,"Mar 10, 2020 @ 10:00:50.000"
-6.119,106.788,ffed18be281199ea19d250dd2bd07a94,"Mar 10, 2020 @ 10:00:49.000"
-6.227,106.955,ffee815de28c4243a8d67617758acee3,"Mar 10, 2020 @ 10:00:49.000"
-6.262,107.021,fff567fd2d993b4ae51b81169e04ad4b,"Mar 10, 2020 @ 10:00:49.000"
-6.873,109.035,fff4526d9e69a08fdd1a860aeec19a43,"Mar 10, 2020 @ 10:00:49.000"
-7.672,110.821,fffc41c58c0756fceb3cf83fc3bc9b01,"Mar 10, 2020 @ 10:00:49.000"
-6.886,109.135,fff90785c3a36fb5579fd23d63485553,"Mar 10, 2020 @ 10:00:49.000"
-7.94,110.235,ffccb86bf37e2604ea795f6a9ff259fb,"Mar 10, 2020 @ 10:00:49.000"
-6.857,108.584,fffcfe6f64fe8bad91ec1461615625df,"Mar 10, 2020 @ 10:00:48.000"
-6.884,107.119,ffff13145d657971db6b58b8ab8c4450,"Mar 10, 2020 @ 10:00:48.000"
-7.781,110.667,fff82a6446a252b6aec0b27c8ef8ced6,"Mar 10, 2020 @ 10:00:48.000"
-7.781,110.667,fff82a6446a252b6aec0b27c8ef8ced6,"Mar 10, 2020 @ 10:00:48.000"
-7.781,110.667,fff82a6446a252b6aec0b27c8ef8ced6,"Mar 10, 2020 @ 10:00:48.000"
-6.158,106.67,fff5ed55cda04e5c80d26da6d5b3d055,"Mar 10, 2020 @ 10:00:47.000"
-6.228,106.963,ffecb0e06186f0040d6cf6fa56e27ca7,"Mar 10, 2020 @ 10:00:47.000"
-6.43,106.542,fffbd9437b9bb402114012332b12fb3c,"Mar 10, 2020 @ 10:00:47.000"
-6.228,107.355,fffda09abee99517bfa10b288a09a03f,"Mar 10, 2020 @ 10:00:47.000"
-7.526,110.026,fff44759ef487904dfde9fd2a48c4a6f,"Mar 10, 2020 @ 10:00:47.000"
-7.809,110.398,ffee83c347fe07c46d9d9e58357f910b,"Mar 10, 2020 @ 10:00:47.000"
-6.112,106.593,fffd850d2ed72c11e383d5a81a295239,"Mar 10, 2020 @ 10:00:46.000"
-6.368,106.832,fff0b37a8445e663718e7b712f7ece3f,"Mar 10, 2020 @ 10:00:46.000"
-6.169,106.885,fff0bc16ba44df061c02fba32fa89b31,"Mar 10, 2020 @ 10:00:46.000"
-6.396,106.818,fff978419fab55b0edbf5e602664abce,"Mar 10, 2020 @ 10:00:46.000"
-6.664,106.832,fffc7215a0b40a42148b0658be478668,"Mar 10, 2020 @ 10:00:46.000"
-6.903,106.863,fffd906976a13fb5afcd1a0b20e90fac,"Mar 10, 2020 @ 10:00:46.000"
-6.538,107.177,fffa836219f1ca20c4507af4b5207526,"Mar 10, 2020 @ 10:00:46.000"
-6.897,109.377,fff7468de09494e1d2c3178c7a2eaad7,"Mar 10, 2020 @ 10:00:46.000"
-7.567,110.776,fffc39e64e0674f1e53b107071e0e6d4,"Mar 10, 2020 @ 10:00:46.000"
-7.191,108.757,fff7e46728de32013042541de4e7e8e1,"Mar 10, 2020 @ 10:00:46.000"
-7.731,111.771,fffeb8a19e027e787f6cfb0d4e2cbdc3,"Mar 10, 2020 @ 10:00:46.000"
-6.242,106.779,fffe49704af406971b50c8194aa5dd79,"Mar 10, 2020 @ 10:00:45.000"
-6.349,107.231,fffe23e1a9ea8e23774573e9b629d5f1,"Mar 10, 2020 @ 10:00:45.000"
-6.377,106.787,fffc0f612e6e3b204b137e8ea00aa638,"Mar 10, 2020 @ 10:00:45.000"
-6.349,107.231,fffe23e1a9ea8e23774573e9b629d5f1,"Mar 10, 2020 @ 10:00:45.000"
-6.377,106.787,fffc0f612e6e3b204b137e8ea00aa638,"Mar 10, 2020 @ 10:00:45.000"
-6.242,106.779,fffe49704af406971b50c8194aa5dd79,"Mar 10, 2020 @ 10:00:45.000"
-7.879,110.089,ffcbd0fb950d5a1aa89894043ee7ecdc,"Mar 10, 2020 @ 10:00:45.000"
-6.21,106.909,fff02c53634f5c9f30b390c6d4138b99,"Mar 10, 2020 @ 10:00:44.000"
-6.21,106.909,fff02c53634f5c9f30b390c6d4138b99,"Mar 10, 2020 @ 10:00:44.000"
-6.169,106.887,fff0bc16ba44df061c02fba32fa89b31,"Mar 10, 2020 @ 10:00:44.000"
-6.082,106.352,fff0ffca890beb3d5edc94a46abd6b18,"Mar 10, 2020 @ 10:00:44.000"
-6.378,106.436,fffa0f769bd38be825fd79b67cf58096,"Mar 10, 2020 @ 10:00:44.000"
-8.001,110.364,ffd169afb3d0263c4d11031f3d3fb449,"Mar 10, 2020 @ 10:00:44.000"
-7.775,113.165,fff6f1b01ea52148aa3d3e3ca5c6f79d,"Mar 10, 2020 @ 10:00:44.000"
-6.108,106.779,fffb46c4b066d99a64e6290f1b3acefb,"Mar 10, 2020 @ 10:00:43.000"
-6.313,106.793,fff49ce5251cdb6f2d477353b83f5664,"Mar 10, 2020 @ 10:00:43.000"
-6.289,106.809,fffa2ba39a8fac2ce0265e74dd6ce72a,"Mar 10, 2020 @ 10:00:43.000"
-6.108,106.779,fffb46c4b066d99a64e6290f1b3acefb,"Mar 10, 2020 @ 10:00:43.000"
-6.295,106.92,fff88baf9170c7f903fc705983f1da36,"Mar 10, 2020 @ 10:00:43.000"
-6.289,106.809,fffa2ba39a8fac2ce0265e74dd6ce72a,"Mar 10, 2020 @ 10:00:43.000"
-6.365,107.023,fffddf7f910321573ddaade72556de1b,"Mar 10, 2020 @ 10:00:43.000"
-6.108,106.779,fffb46c4b066d99a64e6290f1b3acefb,"Mar 10, 2020 @ 10:00:43.000"
-6.318,107.351,ffffce3f1f5a275eb59c8031122bf2a9,"Mar 10, 2020 @ 10:00:43.000"
-6.108,106.779,fffb46c4b066d99a64e6290f1b3acefb,"Mar 10, 2020 @ 10:00:43.000"
-7.856,110.612,ffe209e165a4a899ee512cb40500c5d0,"Mar 10, 2020 @ 10:00:43.000"
-7.992,110.708,ffb64e732595581e2679eb7bdb81d094,"Mar 10, 2020 @ 10:00:43.000"
-7.853,113.743,fffebd0d3d631acdce9f20cfbd12391b,"Mar 10, 2020 @ 10:00:43.000"
-6.277,106.917,ffecc300886511b6d2ab9256d90071dc,"Mar 10, 2020 @ 10:00:42.000"
-6.243,106.952,fff2578a14467e25a3a7bcf554bfc002,"Mar 10, 2020 @ 10:00:42.000"
-6.555,106.821,fffb7c92361392257a8fb2ba98de453d,"Mar 10, 2020 @ 10:00:42.000"
-7.777,110.867,ffdc8f66a7d487ecba071f0ca7db4d72,"Mar 10, 2020 @ 10:00:42.000"
-6.196,106.84,fffd5b4068ef62c21162255a92762741,"Mar 10, 2020 @ 10:00:41.000"
-6.196,106.84,fffd5b4068ef62c21162255a92762741,"Mar 10, 2020 @ 10:00:41.000"
-6.315,106.9,fffbf48515290aa7658e41937d5e156c,"Mar 10, 2020 @ 10:00:41.000"
-6.196,106.84,fffd5b4068ef62c21162255a92762741,"Mar 10, 2020 @ 10:00:41.000"
-6.315,106.9,fffbf48515290aa7658e41937d5e156c,"Mar 10, 2020 @ 10:00:41.000"
-6.196,106.84,fffd5b4068ef62c21162255a92762741,"Mar 10, 2020 @ 10:00:41.000"
-6.33,107.371,ffffce3f1f5a275eb59c8031122bf2a9,"Mar 10, 2020 @ 10:00:41.000"
-7.133,110.668,fffc3b9a4bb63dcb89422207868398bf,"Mar 10, 2020 @ 10:00:41.000"
-7.133,110.668,fffc3b9a4bb63dcb89422207868398bf,"Mar 10, 2020 @ 10:00:41.000"
-7.017,110.442,ffb8ee515bb8734abc0a531486d2b9d9,"Mar 10, 2020 @ 10:00:41.000"
-7.017,110.442,ffb8ee515bb8734abc0a531486d2b9d9,"Mar 10, 2020 @ 10:00:41.000"
-7.017,110.442,ffb8ee515bb8734abc0a531486d2b9d9,"Mar 10, 2020 @ 10:00:41.000"
-7.017,110.442,ffb8ee515bb8734abc0a531486d2b9d9,"Mar 10, 2020 @ 10:00:41.000"
-6.169,106.885,fff0bc16ba44df061c02fba32fa89b31,"Mar 10, 2020 @ 10:00:40.000"
-6.246,106.747,fff31c26dee4eb6e80171266018ef5a6,"Mar 10, 2020 @ 10:00:40.000"
-6.532,107.191,fffa836219f1ca20c4507af4b5207526,"Mar 10, 2020 @ 10:00:40.000"
-7.704,111.242,fff40550d8e90ae774c60ac6e1828652,"Mar 10, 2020 @ 10:00:40.000"
-7.704,111.242,fff40550d8e90ae774c60ac6e1828652,"Mar 10, 2020 @ 10:00:40.000"
-6.181,106.86,fff32de137bf81576891960f1d00f2d3,"Mar 10, 2020 @ 10:00:39.000"
-6.181,106.957,ffecf08c43396f5abdbd873cd2d4b76e,"Mar 10, 2020 @ 10:00:39.000"
-6.185,106.752,ffefeb9c29351075d7591119bc7a2205,"Mar 10, 2020 @ 10:00:39.000"
-6.334,106.881,fff657e5b0cc844231d126849685dfef,"Mar 10, 2020 @ 10:00:39.000"
-6.303,106.824,fff8f9b9b8f116096bfaff1c41ba8b61,"Mar 10, 2020 @ 10:00:39.000"
-6.529,107.157,fffa836219f1ca20c4507af4b5207526,"Mar 10, 2020 @ 10:00:39.000"
-7.403,107.257,ffff1a5bd6ba4959d48f1c4cc6311d6a,"Mar 10, 2020 @ 10:00:39.000"
-6.325,107.067,fffc9ad6b4e35844983bbcb8c55cce07,"Mar 10, 2020 @ 10:00:39.000"
-6.372,107.798,ffff0af1b7c0a63a08f71385df26788a,"Mar 10, 2020 @ 10:00:39.000"
-7.403,107.257,ffff1a5bd6ba4959d48f1c4cc6311d6a,"Mar 10, 2020 @ 10:00:39.000"
-7.024,109.127,fff97ed08961ccde98716c100a5b08c9,"Mar 10, 2020 @ 10:00:39.000"
-7.024,109.127,fff97ed08961ccde98716c100a5b08c9,"Mar 10, 2020 @ 10:00:39.000"
-8.16,110.776,ffc4173b7a2aa3eec076464044554666,"Mar 10, 2020 @ 10:00:39.000"
-7.349,112.718,ffff5c4fc1072ed4c9c122d8d64e1b35,"Mar 10, 2020 @ 10:00:39.000"
-8.265,113.703,fff854ef7cc978805d23b4ca692dd96a,"Mar 10, 2020 @ 10:00:39.000"
-6.206,106.816,fff8558a442d67f67a65d62fb0cd4283,"Mar 10, 2020 @ 10:00:38.000"
-6.228,106.936,fff2578a14467e25a3a7bcf554bfc002,"Mar 10, 2020 @ 10:00:38.000"
-7.792,110.683,fff61e02794b4aa5e748607a399e2e5e,"Mar 10, 2020 @ 10:00:38.000"
-7.559,110.858,fffec309e9d923a3658396c843bc847c,"Mar 10, 2020 @ 10:00:38.000"
-7.191,108.757,fff7e46728de32013042541de4e7e8e1,"Mar 10, 2020 @ 10:00:38.000"
-7.792,110.683,fff61e02794b4aa5e748607a399e2e5e,"Mar 10, 2020 @ 10:00:38.000"
-6.143,106.764,fffdfc23d5fc98ac681c54c211d91fd0,"Mar 10, 2020 @ 10:00:37.000"
-6.369,106.858,fff142fdb1dc813f97472f9ae1208cc6,"Mar 10, 2020 @ 10:00:37.000"
-6.202,106.864,ffefcef60d9bce52a7c639c6969a8604,"Mar 10, 2020 @ 10:00:37.000"
-6.194,106.833,ffefaeabf20a14dcdd12e7019ba5bc05,"Mar 10, 2020 @ 10:00:37.000"
-6.12,107.326,fffc8fbce04bf288635c3efbd55834eb,"Mar 10, 2020 @ 10:00:37.000"
-6.143,106.764,fffdfc23d5fc98ac681c54c211d91fd0,"Mar 10, 2020 @ 10:00:37.000"
-6.342,107.153,fffd659d546598b09f3d765e12e66a41,"Mar 10, 2020 @ 10:00:37.000"
-7.717,111.235,fff40550d8e90ae774c60ac6e1828652,"Mar 10, 2020 @ 10:00:37.000"
-7.611,110.434,ffb17d020cb44781749017a4c46aacd7,"Mar 10, 2020 @ 10:00:37.000"
-7.588,112.555,fff60d822c88470bee3e475cfa989441,"Mar 10, 2020 @ 10:00:37.000"
-7.717,111.235,fff40550d8e90ae774c60ac6e1828652,"Mar 10, 2020 @ 10:00:37.000"
-6.218,106.956,fff6e56c21a1cdd5880c9cea0084f903,"Mar 10, 2020 @ 10:00:36.000"
-6.195,106.841,fffa5b72674fba7c34307b2f3793a91d,"Mar 10, 2020 @ 10:00:36.000"
-6.174,106.878,fff274e756c02fc3c2a292a0fce1a35a,"Mar 10, 2020 @ 10:00:36.000"
-6.253,106.799,ffeeaddf07129db611c0b46fd93e5946,"Mar 10, 2020 @ 10:00:36.000"
-6.195,106.841,fffa5b72674fba7c34307b2f3793a91d,"Mar 10, 2020 @ 10:00:36.000"
-6.256,106.675,fffa7c8c9eb5f04425a54b19267e6542,"Mar 10, 2020 @ 10:00:36.000"
-7.634,110.671,fffb45e747b9a65019397c390ad411ad,"Mar 10, 2020 @ 10:00:36.000"
-6.215,106.819,fffce19e0062cc06e3bee0997ac8212c,"Mar 10, 2020 @ 10:00:35.000"
-6.233,106.732,ffee7eb85e6435a84f4f27af9bde39bf,"Mar 10, 2020 @ 10:00:35.000"
-6.154,106.786,fff7c19616cf1c14dccb222cd70b82cc,"Mar 10, 2020 @ 10:00:35.000"
-6.151,106.785,fffcec1e6829733593c273f25200247e,"Mar 10, 2020 @ 10:00:35.000"
-6.351,106.879,fff9a723919e8eb8fa0dab4189390811,"Mar 10, 2020 @ 10:00:35.000"
-6.289,106.921,fff23d45c44d5b3db026d32a749dd46e,"Mar 10, 2020 @ 10:00:35.000"
-6.226,106.748,ffec62502d3218cf66344a9c64fe0b8c,"Mar 10, 2020 @ 10:00:35.000"
-6.351,106.879,fff9a723919e8eb8fa0dab4189390811,"Mar 10, 2020 @ 10:00:35.000"
-6.151,106.785,fffcec1e6829733593c273f25200247e,"Mar 10, 2020 @ 10:00:35.000"
-6.984,108.255,fffe1cea8206381274cedc505de2e438,"Mar 10, 2020 @ 10:00:35.000"
-6.265,106.461,ffffbe229c696ea410f9f7309b8e04fd,"Mar 10, 2020 @ 10:00:35.000"
-6.42,106.606,fffdf0de1cbdc786057083d6a0091865,"Mar 10, 2020 @ 10:00:35.000"
-6.215,106.819,fffce19e0062cc06e3bee0997ac8212c,"Mar 10, 2020 @ 10:00:35.000"
-7.573,112.384,fffe825ee08f82dc415ff24b849a2e5e,"Mar 10, 2020 @ 10:00:35.000"
-7.027,110.444,ffb8ee515bb8734abc0a531486d2b9d9,"Mar 10, 2020 @ 10:00:35.000"
-8.098,110.644,ffe4089b4932ec827446707e06120822,"Mar 10, 2020 @ 10:00:35.000"
-6.211,106.568,fffbee94c4076804f61f8c7dbb7f1e48,"Mar 10, 2020 @ 10:00:34.000"
-6.138,106.754,fffaf8364a6aaa003dcf9c79c90fcd9a,"Mar 10, 2020 @ 10:00:34.000"
-6.126,106.793,fff8b6a8591caedebc740774ad29fb57,"Mar 10, 2020 @ 10:00:34.000"
-6.138,106.754,fffaf8364a6aaa003dcf9c79c90fcd9a,"Mar 10, 2020 @ 10:00:34.000"
-6.169,106.786,fffba509711cd4ed7cb273fe86bbad85,"Mar 10, 2020 @ 10:00:34.000"
-6.396,106.818,fff978419fab55b0edbf5e602664abce,"Mar 10, 2020 @ 10:00:34.000"
-6.211,106.568,fffbee94c4076804f61f8c7dbb7f1e48,"Mar 10, 2020 @ 10:00:34.000"
-6.108,106.647,ffee4c23b787afa2d0c8fb3e0158156d,"Mar 10, 2020 @ 10:00:33.000"
-6.15,106.798,fff2fc37ad7fad338327e9a60af3db00,"Mar 10, 2020 @ 10:00:33.000"
-6.17,106.81,fff5f85b480e62c9b4da429cafeebe1f,"Mar 10, 2020 @ 10:00:33.000"
-6.17,106.81,fff5f85b480e62c9b4da429cafeebe1f,"Mar 10, 2020 @ 10:00:33.000"
-6.646,106.675,fff9c2c45d7845cff53dfa508e003f2e,"Mar 10, 2020 @ 10:00:33.000"
-6.218,106.875,fffc23d24087c7e651b6976031f74f61,"Mar 10, 2020 @ 10:00:33.000"
-6.646,106.675,fff9c2c45d7845cff53dfa508e003f2e,"Mar 10, 2020 @ 10:00:33.000"
-7.634,110.669,fffb45e747b9a65019397c390ad411ad,"Mar 10, 2020 @ 10:00:33.000"
-6.359,106.906,ffed70ebde2561d7efbee90910318d55,"Mar 10, 2020 @ 10:00:32.000"
-6.27,106.71,fff9543abfadd912b75b1bc8f74f9e60,"Mar 10, 2020 @ 10:00:32.000"
-6.27,106.71,fff9543abfadd912b75b1bc8f74f9e60,"Mar 10, 2020 @ 10:00:32.000"
-7.572,110.772,ffd6b49dae0f67b9c2970afd92260e02,"Mar 10, 2020 @ 10:00:32.000"
-8.203,113.581,fffe9af59f7d93eacc5bd22e98ea1dd7,"Mar 10, 2020 @ 10:00:32.000"
-7.145,112.604,fff745500f117b5c6e66745e6c48b4fc,"Mar 10, 2020 @ 10:00:32.000"
-6.359,106.85,fff1c84fe2cb821b32f1eee1c3b15f52,"Mar 10, 2020 @ 10:00:31.000"
-6.219,106.759,fffd0b9ed5d26a175e7d3155d3610726,"Mar 10, 2020 @ 10:00:31.000"
-6.196,106.848,fff544990d32f99b9dc50b8dfa280cae,"Mar 10, 2020 @ 10:00:31.000"
-6.725,107.866,fffc593f8563131c4784d58812873f5a,"Mar 10, 2020 @ 10:00:31.000"
-6.219,106.759,fffd0b9ed5d26a175e7d3155d3610726,"Mar 10, 2020 @ 10:00:31.000"
-6.229,107.169,fffc83097d25eafce7c5221e151b36de,"Mar 10, 2020 @ 10:00:31.000"
-6.277,107.001,fffddc029dcd08587e2bd0810ad3c542,"Mar 10, 2020 @ 10:00:31.000"
-8.098,110.784,ffc4173b7a2aa3eec076464044554666,"Mar 10, 2020 @ 10:00:31.000"
-6.167,106.854,fff0c919319ed1b79b081865e58af62d,"Mar 10, 2020 @ 10:00:30.000"
-6.161,106.905,fff1b40c8e4e963641d2ca9fa3ba0318,"Mar 10, 2020 @ 10:00:30.000"
-6.609,106.795,ffff4d488ad677d2638397a46f6bee61,"Mar 10, 2020 @ 10:00:30.000"
-7.602,112.046,fff769ed1c524cda19200f33cb476149,"Mar 10, 2020 @ 10:00:29.000"
-6.19,106.787,fffde6ec3be411eb3d6cda58f0537878,"Mar 10, 2020 @ 10:00:28.000"
-6.17,106.747,fff425a7d1b760b346e49a5c2fecaf38,"Mar 10, 2020 @ 10:00:28.000"
-6.166,106.845,fff2ac8e9ccf9128a3793996af90d1c0,"Mar 10, 2020 @ 10:00:28.000"
-6.434,105.83,fffc84d0d2b07ed09bf91238a784864e,"Mar 10, 2020 @ 10:00:28.000"
-6.19,106.787,fffde6ec3be411eb3d6cda58f0537878,"Mar 10, 2020 @ 10:00:28.000"
-8.18,110.776,ffc4173b7a2aa3eec076464044554666,"Mar 10, 2020 @ 10:00:28.000"
-8.048,113.025,fffb3aefb6cc5a7ecebb0790a0270c4e,"Mar 10, 2020 @ 10:00:28.000"
-8.265,113.703,fff854ef7cc978805d23b4ca692dd96a,"Mar 10, 2020 @ 10:00:28.000"
-6.155,106.932,fffe5a786eb62b2746f396af0a7a1e9b,"Mar 10, 2020 @ 10:00:27.000"
-6.155,106.932,fffe5a786eb62b2746f396af0a7a1e9b,"Mar 10, 2020 @ 10:00:27.000"
-6.548,106.688,fffa25ad44f104928d68568008d6e687,"Mar 10, 2020 @ 10:00:27.000"
-6.32,106.677,ffffbe69cc5e12be5af522c8d7cd9765,"Mar 10, 2020 @ 10:00:27.000"
-7.61,110.58,fff8454355dfadca13a72c1e7436e6af,"Mar 10, 2020 @ 10:00:27.000"
-7.691,111.498,fffd2483870f7c290391daefa29f03a5,"Mar 10, 2020 @ 10:00:27.000"
-7.691,111.498,fffd2483870f7c290391daefa29f03a5,"Mar 10, 2020 @ 10:00:27.000"
-6.146,106.777,fffdb8e4c190d1f3b3a086686c250af6,"Mar 10, 2020 @ 10:00:26.000"
-6.161,106.856,fffedfdea6164b1b5184da0c0355285e,"Mar 10, 2020 @ 10:00:26.000"
-6.237,106.953,fff2679eea32677335b0c378e3e221c2,"Mar 10, 2020 @ 10:00:26.000"
-6.161,106.856,fffedfdea6164b1b5184da0c0355285e,"Mar 10, 2020 @ 10:00:26.000"
-6.146,106.777,fffdb8e4c190d1f3b3a086686c250af6,"Mar 10, 2020 @ 10:00:26.000"
-7.78,110.401,fffde84040a086504c9550c2cb12726a,"Mar 10, 2020 @ 10:00:26.000"
-7.78,110.401,fffde84040a086504c9550c2cb12726a,"Mar 10, 2020 @ 10:00:26.000"
-8.231,113.085,fff78be755f6b3a00f7b4b00980fc176,"Mar 10, 2020 @ 10:00:26.000"
-6.153,106.844,fffb228baaf7f5a3b8e620517493464c,"Mar 10, 2020 @ 10:00:25.000"
-6.183,106.806,ffedac1326f56ddce158df63eeeb315b,"Mar 10, 2020 @ 10:00:25.000"
-6.234,107.621,fffeac2b93a292df500bb3023cafffaf,"Mar 10, 2020 @ 10:00:25.000"
-6.113,107.336,fffc8fbce04bf288635c3efbd55834eb,"Mar 10, 2020 @ 10:00:25.000"
-6.153,106.844,fffb228baaf7f5a3b8e620517493464c,"Mar 10, 2020 @ 10:00:25.000"
-6.56,106.628,fffbbe5a0b00fb60cdc833b54d0c1ccd,"Mar 10, 2020 @ 10:00:25.000"
-6.151,106.785,fffcec1e6829733593c273f25200247e,"Mar 10, 2020 @ 10:00:24.000"
-6.158,106.937,ffec41fdf4ddb68cd33066e2526587b2,"Mar 10, 2020 @ 10:00:24.000"
-6.135,106.996,fff047959594f6f1f6357b811856676b,"Mar 10, 2020 @ 10:00:24.000"
-6.18,106.823,fffd458485df06d3fb641953e568a3d7,"Mar 10, 2020 @ 10:00:24.000"
-6.18,106.823,fffd458485df06d3fb641953e568a3d7,"Mar 10, 2020 @ 10:00:24.000"
-6.151,106.785,fffcec1e6829733593c273f25200247e,"Mar 10, 2020 @ 10:00:24.000"
-7.089,108.007,fff9133726aae33dd0c5f006009d1fa3,"Mar 10, 2020 @ 10:00:24.000"
-7.179,110.28,fff5e011fb743eedcbfa0d67df8ae92f,"Mar 10, 2020 @ 10:00:24.000"
-7.179,110.28,fff5e011fb743eedcbfa0d67df8ae92f,"Mar 10, 2020 @ 10:00:24.000"
-7.636,110.252,ffe91cedc6e99e83483a000f154865be,"Mar 10, 2020 @ 10:00:24.000"
-6.268,106.92,fff5776901cc479c32fb570f103db0f0,"Mar 10, 2020 @ 10:00:23.000"
-6.202,106.864,ffefcef60d9bce52a7c639c6969a8604,"Mar 10, 2020 @ 10:00:23.000"
-6.154,106.786,fff7c19616cf1c14dccb222cd70b82cc,"Mar 10, 2020 @ 10:00:23.000"
-6.272,106.875,fff3823a98db9423832dd2250831764e,"Mar 10, 2020 @ 10:00:22.000"
-6.763,106.861,fffd1a169db83e18900508da1002baa6,"Mar 10, 2020 @ 10:00:22.000"
-6.413,106.611,fffdf0de1cbdc786057083d6a0091865,"Mar 10, 2020 @ 10:00:22.000"
-6.288,107.333,ffff4fd4b21e1f25f31723211ca69613,"Mar 10, 2020 @ 10:00:22.000"
-6.226,106.748,ffec62502d3218cf66344a9c64fe0b8c,"Mar 10, 2020 @ 10:00:21.000"
-6.129,106.909,fff43f6a709d3510d750cff1db0a5155,"Mar 10, 2020 @ 10:00:21.000"
-6.289,106.848,ffffa6c0728fa33b0949638f93c8a01e,"Mar 10, 2020 @ 10:00:21.000"
-6.289,106.848,ffffa6c0728fa33b0949638f93c8a01e,"Mar 10, 2020 @ 10:00:21.000"
-6.302,106.842,fffd750854266037567e5c2591249350,"Mar 10, 2020 @ 10:00:20.000"
-6.239,106.812,fffe9b70d1dca7831d037b4eadd678f9,"Mar 10, 2020 @ 10:00:20.000"
-6.302,106.842,fffd750854266037567e5c2591249350,"Mar 10, 2020 @ 10:00:20.000"
-6.239,106.812,fffe9b70d1dca7831d037b4eadd678f9,"Mar 10, 2020 @ 10:00:20.000"
-6.277,107.001,fffddc029dcd08587e2bd0810ad3c542,"Mar 10, 2020 @ 10:00:20.000"
-6.495,106.685,fffe0f39d6a935f34ad1698ac923962d,"Mar 10, 2020 @ 10:00:20.000"
-7.691,111.498,fffd2483870f7c290391daefa29f03a5,"Mar 10, 2020 @ 10:00:20.000"
-7.691,111.498,fffd2483870f7c290391daefa29f03a5,"Mar 10, 2020 @ 10:00:20.000"